Name,Frequency
Hao,1
Wan,1
Yi,1
Wen,1
Yuan,1
Huo,1
Ye,1
Fan,1
Ding,1
Wang,1
Zhan,1
Yan,1
Zhou,1
Du,1
Lin,1
Huang,1
Lang,1
Hu,1
Yang,1
Mo,1
Zhang,1
Wei,1
Qian,1
Dai,1
Fu,1
Duan,1
Xun,1
He,1
Bai,1
Deng,1
Chen,1
Lian,1
Wu,1
Cai,1
Jin,1
Xie,1
Quan,1
Pan,1
Xiang,1
Yao,1
Ma,1
Qiu,1
Zhuan,1
Kong,1
Xue,1
Cui,1
Zhao,1
Mao,1
Xuan,1
Zhong,1
Tao,1
Gong,1
Peng,1
Liao,1
Shi,1
Xu,1
Ren,1
Tian,1
Zheng,1
Sun,1
Geng,1
Zi,1
Guo,1
Xia,1
Jia,1
Lai,1
Shen,1
Qiao,1
Gao,1
Shao,1
Gu,1
Tang,1
Lu,1
Jiang,1
Teng,1
Long,1
Yu,1
